scheduler_name,config,config_id,average_rpd,average_makespan,average_execution_time_s
BRKGA-R-LS,"{'elite_percentage': 20, 'mutant_percentage': 20, 'elite_inheritance_prob': 0.75, 'restarts_patience': 100, 'ls_range': 7, 'ls_periodic_run_period': 100}",208,0.0416851845472141,408.6535028110551,47.55473446846008
BRKGA-R-LS,"{'elite_percentage': 20, 'mutant_percentage': 10, 'elite_inheritance_prob': 0.75, 'restarts_patience': 100, 'ls_range': 7, 'ls_periodic_run_period': 100}",160,0.07430811876482375,408.71355283633807,60.80100215805901
BRKGA-R-LS,"{'elite_percentage': 20, 'mutant_percentage': 15, 'elite_inheritance_prob': 0.85, 'restarts_patience': 50, 'ls_range': 7, 'ls_periodic_run_period': 50}",187,0.07440651455517701,408.7143501489734,40.871120876736114
BRKGA-R-LS,"{'elite_percentage': 10, 'mutant_percentage': 15, 'elite_inheritance_prob': 0.65, 'restarts_patience': 50, 'ls_range': 7, 'ls_periodic_run_period': 50}",27,0.07830800214478345,408.7137771947626,30.254630592134262
BRKGA-R-LS,"{'elite_percentage': 20, 'mutant_percentage': 15, 'elite_inheritance_prob': 0.75, 'restarts_patience': 50, 'ls_range': 7, 'ls_periodic_run_period': 50}",179,0.08113144769297097,408.72199623571595,41.28569247987535
BRKGA-R-LS,"{'elite_percentage': 15, 'mutant_percentage': 15, 'elite_inheritance_prob': 0.65, 'restarts_patience': 100, 'ls_range': 7, 'ls_periodic_run_period': 50}",103,0.08753823300202529,408.7289684474541,54.40598742167155
BRKGA-R-LS,"{'elite_percentage': 15, 'mutant_percentage': 20, 'elite_inheritance_prob': 0.85, 'restarts_patience': 100, 'ls_range': 7, 'ls_periodic_run_period': 100}",144,0.0882387228476263,408.73079099898337,70.04115539126926
BRKGA-R-LS,"{'elite_percentage': 20, 'mutant_percentage': 10, 'elite_inheritance_prob': 0.65, 'restarts_patience': 100, 'ls_range': 7, 'ls_periodic_run_period': 50}",151,0.08931019372140873,408.7318847670418,60.97500835524665
BRKGA-R-LS,"{'elite_percentage': 10, 'mutant_percentage': 10, 'elite_inheritance_prob': 0.65, 'restarts_patience': 50, 'ls_range': 7, 'ls_periodic_run_period': 50}",3,0.08987853957231615,408.7328201591864,24.682959450615776
BRKGA-R-LS,"{'elite_percentage': 10, 'mutant_percentage': 10, 'elite_inheritance_prob': 0.65, 'restarts_patience': 50, 'ls_range': 7, 'ls_periodic_run_period': 100}",4,0.08987853957231615,408.7328201591864,24.678812954160904
BRKGA-R-LS,"{'elite_percentage': 10, 'mutant_percentage': 10, 'elite_inheritance_prob': 0.65, 'restarts_patience': 100, 'ls_range': 7, 'ls_periodic_run_period': 100}",8,0.08987853957231615,408.7328201591864,25.007001638412476
BRKGA-R-LS,"{'elite_percentage': 10, 'mutant_percentage': 10, 'elite_inheritance_prob': 0.75, 'restarts_patience': 50, 'ls_range': 7, 'ls_periodic_run_period': 50}",11,0.08987853957231615,408.7328201591864,24.777142100863987
BRKGA-R-LS,"{'elite_percentage': 10, 'mutant_percentage': 10, 'elite_inheritance_prob': 0.75, 'restarts_patience': 50, 'ls_range': 7, 'ls_periodic_run_period': 100}",12,0.08987853957231615,408.7328201591864,24.722172498703003
BRKGA-R-LS,"{'elite_percentage': 10, 'mutant_percentage': 10, 'elite_inheritance_prob': 0.75, 'restarts_patience': 100, 'ls_range': 7, 'ls_periodic_run_period': 50}",15,0.08987853957231615,408.7328201591864,25.094267262352837
BRKGA-R-LS,"{'elite_percentage': 10, 'mutant_percentage': 10, 'elite_inheritance_prob': 0.85, 'restarts_patience': 50, 'ls_range': 7, 'ls_periodic_run_period': 50}",19,0.08987853957231615,408.7328201591864,24.69081007109748
BRKGA-R-LS,"{'elite_percentage': 10, 'mutant_percentage': 10, 'elite_inheritance_prob': 0.85, 'restarts_patience': 50, 'ls_range': 7, 'ls_periodic_run_period': 100}",20,0.08987853957231615,408.7328201591864,24.68322565820482
BRKGA-R-LS,"{'elite_percentage': 10, 'mutant_percentage': 10, 'elite_inheritance_prob': 0.85, 'restarts_patience': 100, 'ls_range': 7, 'ls_periodic_run_period': 50}",23,0.08987853957231615,408.7328201591864,25.088821543587578
BRKGA-R-LS,"{'elite_percentage': 10, 'mutant_percentage': 15, 'elite_inheritance_prob': 0.65, 'restarts_patience': 50, 'ls_range': 7, 'ls_periodic_run_period': 100}",28,0.08987853957231615,408.7328201591864,30.2021578417884
BRKGA-R-LS,"{'elite_percentage': 10, 'mutant_percentage': 15, 'elite_inheritance_prob': 0.65, 'restarts_patience': 100, 'ls_range': 7, 'ls_periodic_run_period': 50}",31,0.08987853957231615,408.7328201591864,31.369873974058365
BRKGA-R-LS,"{'elite_percentage': 10, 'mutant_percentage': 15, 'elite_inheritance_prob': 0.65, 'restarts_patience': 100, 'ls_range': 7, 'ls_periodic_run_period': 100}",32,0.08987853957231615,408.7328201591864,31.15345703230964
BRKGA-R-LS,"{'elite_percentage': 10, 'mutant_percentage': 15, 'elite_inheritance_prob': 0.75, 'restarts_patience': 50, 'ls_range': 7, 'ls_periodic_run_period': 50}",35,0.08987853957231615,408.7328201591864,30.96426754527622
BRKGA-R-LS,"{'elite_percentage': 10, 'mutant_percentage': 15, 'elite_inheritance_prob': 0.75, 'restarts_patience': 50, 'ls_range': 7, 'ls_periodic_run_period': 100}",36,0.08987853957231615,408.7328201591864,30.784124983681572
BRKGA-R-LS,"{'elite_percentage': 10, 'mutant_percentage': 15, 'elite_inheritance_prob': 0.75, 'restarts_patience': 100, 'ls_range': 7, 'ls_periodic_run_period': 50}",39,0.08987853957231615,408.7328201591864,30.404769526587593
BRKGA-R-LS,"{'elite_percentage': 10, 'mutant_percentage': 15, 'elite_inheritance_prob': 0.85, 'restarts_patience': 50, 'ls_range': 7, 'ls_periodic_run_period': 50}",43,0.08987853957231615,408.7328201591864,30.885309643215603
BRKGA-R-LS,"{'elite_percentage': 10, 'mutant_percentage': 15, 'elite_inheritance_prob': 0.85, 'restarts_patience': 50, 'ls_range': 7, 'ls_periodic_run_period': 100}",44,0.08987853957231615,408.7328201591864,31.13090173403422
BRKGA-R-LS,"{'elite_percentage': 10, 'mutant_percentage': 15, 'elite_inheritance_prob': 0.85, 'restarts_patience': 100, 'ls_range': 7, 'ls_periodic_run_period': 50}",47,0.08987853957231615,408.7328201591864,50.050845596525406
BRKGA-R-LS,"{'elite_percentage': 10, 'mutant_percentage': 15, 'elite_inheritance_prob': 0.85, 'restarts_patience': 100, 'ls_range': 7, 'ls_periodic_run_period': 100}",48,0.08987853957231615,408.7328201591864,45.91909334394667
BRKGA-R-LS,"{'elite_percentage': 10, 'mutant_percentage': 20, 'elite_inheritance_prob': 0.65, 'restarts_patience': 50, 'ls_range': 7, 'ls_periodic_run_period': 50}",51,0.08987853957231615,408.7328201591864,36.76627196205987
BRKGA-R-LS,"{'elite_percentage': 10, 'mutant_percentage': 20, 'elite_inheritance_prob': 0.65, 'restarts_patience': 100, 'ls_range': 7, 'ls_periodic_run_period': 50}",55,0.08987853957231615,408.7328201591864,36.5298924975925
BRKGA-R-LS,"{'elite_percentage': 10, 'mutant_percentage': 20, 'elite_inheritance_prob': 0.65, 'restarts_patience': 100, 'ls_range': 7, 'ls_periodic_run_period': 100}",56,0.08987853957231615,408.7328201591864,36.977633502748276
BRKGA-R-LS,"{'elite_percentage': 10, 'mutant_percentage': 20, 'elite_inheritance_prob': 0.75, 'restarts_patience': 50, 'ls_range': 7, 'ls_periodic_run_period': 50}",59,0.08987853957231615,408.7328201591864,36.77168003718058
BRKGA-R-LS,"{'elite_percentage': 10, 'mutant_percentage': 20, 'elite_inheritance_prob': 0.75, 'restarts_patience': 50, 'ls_range': 7, 'ls_periodic_run_period': 100}",60,0.08987853957231615,408.7328201591864,36.75977500279745
BRKGA-R-LS,"{'elite_percentage': 10, 'mutant_percentage': 20, 'elite_inheritance_prob': 0.75, 'restarts_patience': 100, 'ls_range': 7, 'ls_periodic_run_period': 100}",64,0.08987853957231615,408.7328201591864,47.5491038163503
BRKGA-R-LS,"{'elite_percentage': 10, 'mutant_percentage': 20, 'elite_inheritance_prob': 0.85, 'restarts_patience': 50, 'ls_range': 7, 'ls_periodic_run_period': 50}",67,0.08987853957231615,408.7328201591864,47.36596730020311
BRKGA-R-LS,"{'elite_percentage': 10, 'mutant_percentage': 20, 'elite_inheritance_prob': 0.85, 'restarts_patience': 50, 'ls_range': 7, 'ls_periodic_run_period': 100}",68,0.08987853957231615,408.7328201591864,60.46103127797445
BRKGA-R-LS,"{'elite_percentage': 10, 'mutant_percentage': 20, 'elite_inheritance_prob': 0.85, 'restarts_patience': 100, 'ls_range': 7, 'ls_periodic_run_period': 50}",71,0.08987853957231615,408.7328201591864,61.41535883479648
BRKGA-R-LS,"{'elite_percentage': 10, 'mutant_percentage': 20, 'elite_inheritance_prob': 0.85, 'restarts_patience': 100, 'ls_range': 7, 'ls_periodic_run_period': 100}",72,0.08987853957231615,408.7328201591864,61.33379175927904
BRKGA-R-LS,"{'elite_percentage': 15, 'mutant_percentage': 10, 'elite_inheritance_prob': 0.65, 'restarts_patience': 50, 'ls_range': 7, 'ls_periodic_run_period': 50}",75,0.08987853957231615,408.7328201591864,50.45741295814514
BRKGA-R-LS,"{'elite_percentage': 15, 'mutant_percentage': 10, 'elite_inheritance_prob': 0.65, 'restarts_patience': 50, 'ls_range': 7, 'ls_periodic_run_period': 100}",76,0.08987853957231615,408.7328201591864,36.04176086849637
BRKGA-R-LS,"{'elite_percentage': 15, 'mutant_percentage': 10, 'elite_inheritance_prob': 0.65, 'restarts_patience': 100, 'ls_range': 7, 'ls_periodic_run_period': 50}",79,0.08987853957231615,408.7328201591864,51.15934944152832
BRKGA-R-LS,"{'elite_percentage': 15, 'mutant_percentage': 10, 'elite_inheritance_prob': 0.65, 'restarts_patience': 100, 'ls_range': 7, 'ls_periodic_run_period': 100}",80,0.08987853957231615,408.7328201591864,50.42350771692064
BRKGA-R-LS,"{'elite_percentage': 15, 'mutant_percentage': 10, 'elite_inheritance_prob': 0.75, 'restarts_patience': 50, 'ls_range': 7, 'ls_periodic_run_period': 50}",83,0.08987853957231615,408.7328201591864,42.64400474230448
BRKGA-R-LS,"{'elite_percentage': 15, 'mutant_percentage': 10, 'elite_inheritance_prob': 0.75, 'restarts_patience': 50, 'ls_range': 7, 'ls_periodic_run_period': 100}",84,0.08987853957231615,408.7328201591864,51.47071390681796
BRKGA-R-LS,"{'elite_percentage': 15, 'mutant_percentage': 10, 'elite_inheritance_prob': 0.75, 'restarts_patience': 100, 'ls_range': 7, 'ls_periodic_run_period': 50}",87,0.08987853957231615,408.7328201591864,52.92747079001533
BRKGA-R-LS,"{'elite_percentage': 15, 'mutant_percentage': 10, 'elite_inheritance_prob': 0.85, 'restarts_patience': 50, 'ls_range': 7, 'ls_periodic_run_period': 100}",92,0.08987853957231615,408.7328201591864,51.218853288226654
BRKGA-R-LS,"{'elite_percentage': 15, 'mutant_percentage': 10, 'elite_inheritance_prob': 0.85, 'restarts_patience': 100, 'ls_range': 7, 'ls_periodic_run_period': 50}",95,0.08987853957231615,408.7328201591864,49.96654325061374
BRKGA-R-LS,"{'elite_percentage': 15, 'mutant_percentage': 10, 'elite_inheritance_prob': 0.85, 'restarts_patience': 100, 'ls_range': 7, 'ls_periodic_run_period': 100}",96,0.08987853957231615,408.7328201591864,53.21773197915819
BRKGA-R-LS,"{'elite_percentage': 15, 'mutant_percentage': 15, 'elite_inheritance_prob': 0.65, 'restarts_patience': 50, 'ls_range': 7, 'ls_periodic_run_period': 50}",99,0.08987853957231615,408.7328201591864,65.12917592790392
BRKGA-R-LS,"{'elite_percentage': 15, 'mutant_percentage': 15, 'elite_inheritance_prob': 0.65, 'restarts_patience': 50, 'ls_range': 7, 'ls_periodic_run_period': 100}",100,0.08987853957231615,408.7328201591864,64.4919024043613
BRKGA-R-LS,"{'elite_percentage': 15, 'mutant_percentage': 15, 'elite_inheritance_prob': 0.65, 'restarts_patience': 100, 'ls_range': 7, 'ls_periodic_run_period': 100}",104,0.08987853957231615,408.7328201591864,54.184019804000854
BRKGA-R-LS,"{'elite_percentage': 15, 'mutant_percentage': 15, 'elite_inheritance_prob': 0.75, 'restarts_patience': 50, 'ls_range': 7, 'ls_periodic_run_period': 50}",107,0.08987853957231615,408.7328201591864,62.983042849434746
BRKGA-R-LS,"{'elite_percentage': 15, 'mutant_percentage': 15, 'elite_inheritance_prob': 0.75, 'restarts_patience': 50, 'ls_range': 7, 'ls_periodic_run_period': 100}",108,0.08987853957231615,408.7328201591864,60.099328650368584
BRKGA-R-LS,"{'elite_percentage': 15, 'mutant_percentage': 15, 'elite_inheritance_prob': 0.75, 'restarts_patience': 100, 'ls_range': 7, 'ls_periodic_run_period': 50}",111,0.08987853957231615,408.7328201591864,62.104886849721275
BRKGA-R-LS,"{'elite_percentage': 15, 'mutant_percentage': 15, 'elite_inheritance_prob': 0.75, 'restarts_patience': 100, 'ls_range': 7, 'ls_periodic_run_period': 100}",112,0.08987853957231615,408.7328201591864,61.941248443391586
BRKGA-R-LS,"{'elite_percentage': 15, 'mutant_percentage': 15, 'elite_inheritance_prob': 0.85, 'restarts_patience': 50, 'ls_range': 7, 'ls_periodic_run_period': 50}",115,0.08987853957231615,408.7328201591864,60.71239275402493
BRKGA-R-LS,"{'elite_percentage': 15, 'mutant_percentage': 15, 'elite_inheritance_prob': 0.85, 'restarts_patience': 50, 'ls_range': 7, 'ls_periodic_run_period': 100}",116,0.08987853957231615,408.7328201591864,60.85561466217041
BRKGA-R-LS,"{'elite_percentage': 15, 'mutant_percentage': 15, 'elite_inheritance_prob': 0.85, 'restarts_patience': 100, 'ls_range': 7, 'ls_periodic_run_period': 50}",119,0.08987853957231615,408.7328201591864,55.81900842984518
BRKGA-R-LS,"{'elite_percentage': 15, 'mutant_percentage': 15, 'elite_inheritance_prob': 0.85, 'restarts_patience': 100, 'ls_range': 7, 'ls_periodic_run_period': 100}",120,0.08987853957231615,408.7328201591864,37.173008574379814
BRKGA-R-LS,"{'elite_percentage': 15, 'mutant_percentage': 20, 'elite_inheritance_prob': 0.65, 'restarts_patience': 50, 'ls_range': 7, 'ls_periodic_run_period': 50}",123,0.08987853957231615,408.7328201591864,70.57599957784016
BRKGA-R-LS,"{'elite_percentage': 15, 'mutant_percentage': 20, 'elite_inheritance_prob': 0.65, 'restarts_patience': 50, 'ls_range': 7, 'ls_periodic_run_period': 100}",124,0.08987853957231615,408.7328201591864,70.42830022176106
BRKGA-R-LS,"{'elite_percentage': 15, 'mutant_percentage': 20, 'elite_inheritance_prob': 0.65, 'restarts_patience': 100, 'ls_range': 7, 'ls_periodic_run_period': 100}",128,0.08987853957231615,408.7328201591864,42.494628482394745
BRKGA-R-LS,"{'elite_percentage': 15, 'mutant_percentage': 20, 'elite_inheritance_prob': 0.75, 'restarts_patience': 50, 'ls_range': 7, 'ls_periodic_run_period': 50}",131,0.08987853957231615,408.7328201591864,72.03065183427599
BRKGA-R-LS,"{'elite_percentage': 15, 'mutant_percentage': 20, 'elite_inheritance_prob': 0.75, 'restarts_patience': 50, 'ls_range': 7, 'ls_periodic_run_period': 100}",132,0.08987853957231615,408.7328201591864,71.77497055795457
BRKGA-R-LS,"{'elite_percentage': 15, 'mutant_percentage': 20, 'elite_inheritance_prob': 0.75, 'restarts_patience': 100, 'ls_range': 7, 'ls_periodic_run_period': 50}",135,0.08987853957231615,408.7328201591864,72.76846885681152
BRKGA-R-LS,"{'elite_percentage': 15, 'mutant_percentage': 20, 'elite_inheritance_prob': 0.75, 'restarts_patience': 100, 'ls_range': 7, 'ls_periodic_run_period': 100}",136,0.08987853957231615,408.7328201591864,71.19422732459174
BRKGA-R-LS,"{'elite_percentage': 15, 'mutant_percentage': 20, 'elite_inheritance_prob': 0.85, 'restarts_patience': 50, 'ls_range': 7, 'ls_periodic_run_period': 50}",139,0.08987853957231615,408.7328201591864,69.9411112467448
BRKGA-R-LS,"{'elite_percentage': 15, 'mutant_percentage': 20, 'elite_inheritance_prob': 0.85, 'restarts_patience': 50, 'ls_range': 7, 'ls_periodic_run_period': 100}",140,0.08987853957231615,408.7328201591864,69.26645933257208
BRKGA-R-LS,"{'elite_percentage': 15, 'mutant_percentage': 20, 'elite_inheritance_prob': 0.85, 'restarts_patience': 100, 'ls_range': 7, 'ls_periodic_run_period': 50}",143,0.08987853957231615,408.7328201591864,70.68909335136414
BRKGA-R-LS,"{'elite_percentage': 20, 'mutant_percentage': 10, 'elite_inheritance_prob': 0.65, 'restarts_patience': 50, 'ls_range': 7, 'ls_periodic_run_period': 100}",148,0.08987853957231615,408.7328201591864,56.436693827311196
BRKGA-R-LS,"{'elite_percentage': 20, 'mutant_percentage': 10, 'elite_inheritance_prob': 0.65, 'restarts_patience': 100, 'ls_range': 7, 'ls_periodic_run_period': 100}",152,0.08987853957231615,408.7328201591864,48.13929737938775
BRKGA-R-LS,"{'elite_percentage': 20, 'mutant_percentage': 10, 'elite_inheritance_prob': 0.75, 'restarts_patience': 50, 'ls_range': 7, 'ls_periodic_run_period': 50}",155,0.08987853957231615,408.7328201591864,60.02150768703885
BRKGA-R-LS,"{'elite_percentage': 20, 'mutant_percentage': 10, 'elite_inheritance_prob': 0.75, 'restarts_patience': 100, 'ls_range': 7, 'ls_periodic_run_period': 50}",159,0.08987853957231615,408.7328201591864,60.96708371904161
BRKGA-R-LS,"{'elite_percentage': 20, 'mutant_percentage': 10, 'elite_inheritance_prob': 0.85, 'restarts_patience': 50, 'ls_range': 7, 'ls_periodic_run_period': 50}",163,0.08987853957231615,408.7328201591864,35.55544821421305
BRKGA-R-LS,"{'elite_percentage': 20, 'mutant_percentage': 10, 'elite_inheritance_prob': 0.85, 'restarts_patience': 50, 'ls_range': 7, 'ls_periodic_run_period': 100}",164,0.08987853957231615,408.7328201591864,35.29984508620368
BRKGA-R-LS,"{'elite_percentage': 20, 'mutant_percentage': 10, 'elite_inheritance_prob': 0.85, 'restarts_patience': 100, 'ls_range': 7, 'ls_periodic_run_period': 50}",167,0.08987853957231615,408.7328201591864,36.04685931735568
BRKGA-R-LS,"{'elite_percentage': 20, 'mutant_percentage': 15, 'elite_inheritance_prob': 0.65, 'restarts_patience': 50, 'ls_range': 7, 'ls_periodic_run_period': 50}",171,0.08987853957231615,408.7328201591864,41.75267566574944
BRKGA-R-LS,"{'elite_percentage': 20, 'mutant_percentage': 15, 'elite_inheritance_prob': 0.65, 'restarts_patience': 50, 'ls_range': 7, 'ls_periodic_run_period': 100}",172,0.08987853957231615,408.7328201591864,41.192541678746544
BRKGA-R-LS,"{'elite_percentage': 20, 'mutant_percentage': 15, 'elite_inheritance_prob': 0.65, 'restarts_patience': 100, 'ls_range': 7, 'ls_periodic_run_period': 50}",175,0.08987853957231615,408.7328201591864,41.608213663101196
BRKGA-R-LS,"{'elite_percentage': 20, 'mutant_percentage': 15, 'elite_inheritance_prob': 0.65, 'restarts_patience': 100, 'ls_range': 7, 'ls_periodic_run_period': 100}",176,0.08987853957231615,408.7328201591864,41.57679295539856
BRKGA-R-LS,"{'elite_percentage': 20, 'mutant_percentage': 15, 'elite_inheritance_prob': 0.75, 'restarts_patience': 50, 'ls_range': 7, 'ls_periodic_run_period': 100}",180,0.08987853957231615,408.7328201591864,41.15476255946689
BRKGA-R-LS,"{'elite_percentage': 20, 'mutant_percentage': 15, 'elite_inheritance_prob': 0.75, 'restarts_patience': 100, 'ls_range': 7, 'ls_periodic_run_period': 50}",183,0.08987853957231615,408.7328201591864,41.800513664881386
BRKGA-R-LS,"{'elite_percentage': 20, 'mutant_percentage': 15, 'elite_inheritance_prob': 0.85, 'restarts_patience': 100, 'ls_range': 7, 'ls_periodic_run_period': 50}",191,0.08987853957231615,408.7328201591864,41.86403054661221
BRKGA-R-LS,"{'elite_percentage': 20, 'mutant_percentage': 20, 'elite_inheritance_prob': 0.65, 'restarts_patience': 50, 'ls_range': 7, 'ls_periodic_run_period': 50}",195,0.08987853957231615,408.7328201591864,46.855891678068375
BRKGA-R-LS,"{'elite_percentage': 20, 'mutant_percentage': 20, 'elite_inheritance_prob': 0.65, 'restarts_patience': 50, 'ls_range': 7, 'ls_periodic_run_period': 100}",196,0.08987853957231615,408.7328201591864,46.998471101125084
BRKGA-R-LS,"{'elite_percentage': 20, 'mutant_percentage': 20, 'elite_inheritance_prob': 0.65, 'restarts_patience': 100, 'ls_range': 7, 'ls_periodic_run_period': 50}",199,0.08987853957231615,408.7328201591864,47.5379094282786
BRKGA-R-LS,"{'elite_percentage': 20, 'mutant_percentage': 20, 'elite_inheritance_prob': 0.65, 'restarts_patience': 100, 'ls_range': 7, 'ls_periodic_run_period': 100}",200,0.08987853957231615,408.7328201591864,47.80770672692193
BRKGA-R-LS,"{'elite_percentage': 20, 'mutant_percentage': 20, 'elite_inheritance_prob': 0.75, 'restarts_patience': 50, 'ls_range': 7, 'ls_periodic_run_period': 50}",203,0.08987853957231615,408.7328201591864,47.17510692278544
BRKGA-R-LS,"{'elite_percentage': 20, 'mutant_percentage': 20, 'elite_inheritance_prob': 0.75, 'restarts_patience': 50, 'ls_range': 7, 'ls_periodic_run_period': 100}",204,0.08987853957231615,408.7328201591864,47.17680202590095
BRKGA-R-LS,"{'elite_percentage': 20, 'mutant_percentage': 20, 'elite_inheritance_prob': 0.85, 'restarts_patience': 50, 'ls_range': 7, 'ls_periodic_run_period': 50}",211,0.08987853957231615,408.7328201591864,46.63419344690111
BRKGA-R-LS,"{'elite_percentage': 20, 'mutant_percentage': 20, 'elite_inheritance_prob': 0.85, 'restarts_patience': 100, 'ls_range': 7, 'ls_periodic_run_period': 50}",215,0.08987853957231615,408.7328201591864,47.50523662567139
BRKGA-R-LS,"{'elite_percentage': 20, 'mutant_percentage': 15, 'elite_inheritance_prob': 0.75, 'restarts_patience': 100, 'ls_range': 7, 'ls_periodic_run_period': 100}",184,0.10357328185236377,408.75535917188705,41.81549080212911
BRKGA-R-LS,"{'elite_percentage': 20, 'mutant_percentage': 15, 'elite_inheritance_prob': 0.85, 'restarts_patience': 100, 'ls_range': 7, 'ls_periodic_run_period': 100}",192,0.11006019048587606,408.7660354236257,41.75032268630134
BRKGA-R-LS,"{'elite_percentage': 10, 'mutant_percentage': 10, 'elite_inheritance_prob': 0.85, 'restarts_patience': 100, 'ls_range': 7, 'ls_periodic_run_period': 100}",24,0.12924950186668893,408.79761748074543,25.049619913101196
BRKGA-R-LS,"{'elite_percentage': 10, 'mutant_percentage': 20, 'elite_inheritance_prob': 0.65, 'restarts_patience': 50, 'ls_range': 7, 'ls_periodic_run_period': 100}",52,0.13035923901030863,408.7994439028177,36.433365715874565
BRKGA-R-LS,"{'elite_percentage': 10, 'mutant_percentage': 15, 'elite_inheritance_prob': 0.75, 'restarts_patience': 100, 'ls_range': 7, 'ls_periodic_run_period': 100}",40,0.1395052093572361,408.8144964782947,30.440969944000244
BRKGA-R-LS,"{'elite_percentage': 20, 'mutant_percentage': 10, 'elite_inheritance_prob': 0.75, 'restarts_patience': 50, 'ls_range': 7, 'ls_periodic_run_period': 100}",156,0.14058617607629953,408.8162755495698,61.826464123196075
BRKGA-R-LS,"{'elite_percentage': 20, 'mutant_percentage': 20, 'elite_inheritance_prob': 0.75, 'restarts_patience': 100, 'ls_range': 7, 'ls_periodic_run_period': 50}",207,0.14471007175133527,408.82306271906117,47.74180380503336
BRKGA-R-LS,"{'elite_percentage': 20, 'mutant_percentage': 10, 'elite_inheritance_prob': 0.65, 'restarts_patience': 50, 'ls_range': 7, 'ls_periodic_run_period': 50}",147,0.14522786970596185,408.8239149187183,59.384967512554596
BRKGA-R-LS,"{'elite_percentage': 10, 'mutant_percentage': 10, 'elite_inheritance_prob': 0.75, 'restarts_patience': 100, 'ls_range': 7, 'ls_periodic_run_period': 100}",16,0.14886451218260455,408.82190531961237,25.148688236872356
BRKGA-R-LS,"{'elite_percentage': 15, 'mutant_percentage': 20, 'elite_inheritance_prob': 0.65, 'restarts_patience': 100, 'ls_range': 7, 'ls_periodic_run_period': 50}",127,0.14953284999658903,408.80663825777555,43.50473478105333
BRKGA-R-LS,"{'elite_percentage': 20, 'mutant_percentage': 20, 'elite_inheritance_prob': 0.85, 'restarts_patience': 50, 'ls_range': 7, 'ls_periodic_run_period': 100}",212,0.16683261511860648,408.8594723334758,47.01219238175286
BRKGA-R-LS,"{'elite_percentage': 10, 'mutant_percentage': 10, 'elite_inheritance_prob': 0.65, 'restarts_patience': 100, 'ls_range': 7, 'ls_periodic_run_period': 50}",7,0.16920019095149838,408.8633689253704,25.049986282984417
BRKGA-R-LS,"{'elite_percentage': 15, 'mutant_percentage': 10, 'elite_inheritance_prob': 0.85, 'restarts_patience': 50, 'ls_range': 7, 'ls_periodic_run_period': 50}",91,0.17179144581450886,408.8676336515751,52.204538901646934
BRKGA-R-LS,"{'elite_percentage': 20, 'mutant_percentage': 20, 'elite_inheritance_prob': 0.85, 'restarts_patience': 100, 'ls_range': 7, 'ls_periodic_run_period': 100}",216,0.1842483763870884,408.8495963295635,47.56313318676419
BRKGA-R-LS,"{'elite_percentage': 20, 'mutant_percentage': 10, 'elite_inheritance_prob': 0.85, 'restarts_patience': 100, 'ls_range': 7, 'ls_periodic_run_period': 100}",168,0.19513956460740745,408.8630734245141,36.04767449696859
BRKGA-R-LS,"{'elite_percentage': 10, 'mutant_percentage': 20, 'elite_inheritance_prob': 0.75, 'restarts_patience': 100, 'ls_range': 7, 'ls_periodic_run_period': 50}",63,0.1980597222888958,408.8666869184275,36.51818646325005
BRKGA-R-LS,"{'elite_percentage': 15, 'mutant_percentage': 10, 'elite_inheritance_prob': 0.75, 'restarts_patience': 100, 'ls_range': 7, 'ls_periodic_run_period': 100}",88,0.2003301096204863,408.86949636630624,52.998474306530426
BRKGA-R-LS,"{'elite_percentage': 20, 'mutant_percentage': 15, 'elite_inheritance_prob': 0.85, 'restarts_patience': 50, 'ls_range': 7, 'ls_periodic_run_period': 100}",188,0.2986159509435529,408.9820042262746,40.95866272184584
BRKGA-R-LS,"{'elite_percentage': 15, 'mutant_percentage': 20, 'elite_inheritance_prob': 0.65, 'restarts_patience': 50, 'ls_range': 3, 'ls_periodic_run_period': 100}",122,0.4493996289843596,410.05251869763356,67.27104798952739
BRKGA-R-LS,"{'elite_percentage': 20, 'mutant_percentage': 10, 'elite_inheritance_prob': 0.75, 'restarts_patience': 50, 'ls_range': 3, 'ls_periodic_run_period': 100}",154,0.4895278576403499,410.1144532522916,59.149669064415825
BRKGA-R-LS,"{'elite_percentage': 15, 'mutant_percentage': 20, 'elite_inheritance_prob': 0.85, 'restarts_patience': 100, 'ls_range': 3, 'ls_periodic_run_period': 50}",141,0.491422826534658,410.12079710159486,68.33791494369507
BRKGA-R-LS,"{'elite_percentage': 20, 'mutant_percentage': 10, 'elite_inheritance_prob': 0.65, 'restarts_patience': 50, 'ls_range': 3, 'ls_periodic_run_period': 100}",146,0.5097063652639205,410.17494681599896,56.32663655281067
BRKGA-R-LS,"{'elite_percentage': 10, 'mutant_percentage': 20, 'elite_inheritance_prob': 0.65, 'restarts_patience': 100, 'ls_range': 3, 'ls_periodic_run_period': 100}",54,0.528462896071181,410.1981567304288,35.150012811024986
BRKGA-R-LS,"{'elite_percentage': 20, 'mutant_percentage': 20, 'elite_inheritance_prob': 0.65, 'restarts_patience': 50, 'ls_range': 3, 'ls_periodic_run_period': 50}",193,0.5370393150352906,410.20876945792713,45.94617949591743
BRKGA-R-LS,"{'elite_percentage': 20, 'mutant_percentage': 20, 'elite_inheritance_prob': 0.65, 'restarts_patience': 100, 'ls_range': 3, 'ls_periodic_run_period': 50}",197,0.5454023275788659,410.21911810968516,45.41668852170309
BRKGA-R-LS,"{'elite_percentage': 20, 'mutant_percentage': 20, 'elite_inheritance_prob': 0.65, 'restarts_patience': 100, 'ls_range': 3, 'ls_periodic_run_period': 100}",198,0.5480186874015818,410.2223556746819,45.208674828211464
BRKGA-R-LS,"{'elite_percentage': 10, 'mutant_percentage': 20, 'elite_inheritance_prob': 0.65, 'restarts_patience': 50, 'ls_range': 3, 'ls_periodic_run_period': 50}",49,0.5480243856714639,410.2223627258983,44.4421013991038
BRKGA-R-LS,"{'elite_percentage': 10, 'mutant_percentage': 20, 'elite_inheritance_prob': 0.75, 'restarts_patience': 100, 'ls_range': 3, 'ls_periodic_run_period': 100}",62,0.5534106438434303,410.22902784923866,35.1484096315172
BRKGA-R-LS,"{'elite_percentage': 20, 'mutant_percentage': 15, 'elite_inheritance_prob': 0.65, 'restarts_patience': 100, 'ls_range': 3, 'ls_periodic_run_period': 50}",173,0.5558997203676236,410.23210790992414,39.94951958126492
BRKGA-R-LS,"{'elite_percentage': 15, 'mutant_percentage': 15, 'elite_inheritance_prob': 0.75, 'restarts_patience': 100, 'ls_range': 3, 'ls_periodic_run_period': 100}",110,0.5578570445143346,410.2219102513572,61.194854418436684
BRKGA-R-LS,"{'elite_percentage': 20, 'mutant_percentage': 20, 'elite_inheritance_prob': 0.75, 'restarts_patience': 100, 'ls_range': 3, 'ls_periodic_run_period': 50}",205,0.5579525761985068,410.2346481775601,46.2362953291999
BRKGA-R-LS,"{'elite_percentage': 20, 'mutant_percentage': 10, 'elite_inheritance_prob': 0.85, 'restarts_patience': 50, 'ls_range': 3, 'ls_periodic_run_period': 100}",162,0.5635846896687704,410.24161752989113,48.00122472974989
BRKGA-R-LS,"{'elite_percentage': 15, 'mutant_percentage': 15, 'elite_inheritance_prob': 0.75, 'restarts_patience': 50, 'ls_range': 3, 'ls_periodic_run_period': 50}",105,0.5682150952728768,410.2473473377619,48.981023735470245
BRKGA-R-LS,"{'elite_percentage': 10, 'mutant_percentage': 20, 'elite_inheritance_prob': 0.75, 'restarts_patience': 100, 'ls_range': 3, 'ls_periodic_run_period': 50}",61,0.5692768038909417,410.2486611290182,35.99543892012702
BRKGA-R-LS,"{'elite_percentage': 20, 'mutant_percentage': 10, 'elite_inheritance_prob': 0.65, 'restarts_patience': 50, 'ls_range': 3, 'ls_periodic_run_period': 50}",145,0.5732370211573016,410.2535616250013,57.194337924321495
BRKGA-R-LS,"{'elite_percentage': 20, 'mutant_percentage': 15, 'elite_inheritance_prob': 0.65, 'restarts_patience': 50, 'ls_range': 3, 'ls_periodic_run_period': 50}",169,0.5742865032001112,410.25486028671327,39.46873399946425
BRKGA-R-LS,"{'elite_percentage': 10, 'mutant_percentage': 15, 'elite_inheritance_prob': 0.85, 'restarts_patience': 100, 'ls_range': 3, 'ls_periodic_run_period': 50}",45,0.5745692200253661,410.2552101293035,29.69390434688992
BRKGA-R-LS,"{'elite_percentage': 20, 'mutant_percentage': 15, 'elite_inheritance_prob': 0.85, 'restarts_patience': 100, 'ls_range': 3, 'ls_periodic_run_period': 50}",189,0.577163310406834,410.2584201374013,40.16190041436089
BRKGA-R-LS,"{'elite_percentage': 15, 'mutant_percentage': 15, 'elite_inheritance_prob': 0.65, 'restarts_patience': 100, 'ls_range': 3, 'ls_periodic_run_period': 100}",102,0.5800483941607291,410.2619902297461,50.51624870300293
BRKGA-R-LS,"{'elite_percentage': 10, 'mutant_percentage': 15, 'elite_inheritance_prob': 0.75, 'restarts_patience': 100, 'ls_range': 3, 'ls_periodic_run_period': 100}",38,0.5846264563775914,410.2676552662819,28.552337222629124
BRKGA-R-LS,"{'elite_percentage': 10, 'mutant_percentage': 15, 'elite_inheritance_prob': 0.85, 'restarts_patience': 100, 'ls_range': 3, 'ls_periodic_run_period': 100}",46,0.5869242602492913,410.27049864023985,28.971951299243504
BRKGA-R-LS,"{'elite_percentage': 20, 'mutant_percentage': 20, 'elite_inheritance_prob': 0.85, 'restarts_patience': 50, 'ls_range': 3, 'ls_periodic_run_period': 100}",210,0.5879593335956746,410.27177947218286,44.57368744744195
BRKGA-R-LS,"{'elite_percentage': 20, 'mutant_percentage': 15, 'elite_inheritance_prob': 0.85, 'restarts_patience': 50, 'ls_range': 3, 'ls_periodic_run_period': 100}",186,0.5944865203039145,410.2798564159697,39.426289319992065
BRKGA-R-LS,"{'elite_percentage': 15, 'mutant_percentage': 10, 'elite_inheritance_prob': 0.65, 'restarts_patience': 50, 'ls_range': 3, 'ls_periodic_run_period': 100}",74,0.594659325979959,410.2800702510864,46.79841131634183
BRKGA-R-LS,"{'elite_percentage': 20, 'mutant_percentage': 20, 'elite_inheritance_prob': 0.85, 'restarts_patience': 100, 'ls_range': 3, 'ls_periodic_run_period': 50}",213,0.5956471970214037,410.2812926734296,45.05126412709554
BRKGA-R-LS,"{'elite_percentage': 10, 'mutant_percentage': 20, 'elite_inheritance_prob': 0.85, 'restarts_patience': 50, 'ls_range': 3, 'ls_periodic_run_period': 100}",66,0.5960978684127779,410.2818503482223,57.152632077534996
BRKGA-R-LS,"{'elite_percentage': 10, 'mutant_percentage': 10, 'elite_inheritance_prob': 0.75, 'restarts_patience': 50, 'ls_range': 3, 'ls_periodic_run_period': 100}",10,0.5961763949753506,410.2819475194325,23.307037327024673
BRKGA-R-LS,"{'elite_percentage': 10, 'mutant_percentage': 15, 'elite_inheritance_prob': 0.65, 'restarts_patience': 100, 'ls_range': 3, 'ls_periodic_run_period': 50}",29,0.5977804000709338,410.2839323652122,28.896819485558403
BRKGA-R-LS,"{'elite_percentage': 20, 'mutant_percentage': 20, 'elite_inheritance_prob': 0.75, 'restarts_patience': 100, 'ls_range': 3, 'ls_periodic_run_period': 100}",206,0.5983220236092612,410.28460258701955,46.91725018289354
BRKGA-R-LS,"{'elite_percentage': 20, 'mutant_percentage': 20, 'elite_inheritance_prob': 0.75, 'restarts_patience': 50, 'ls_range': 3, 'ls_periodic_run_period': 50}",201,0.5991168147489673,410.28558608628873,44.996634032991196
BRKGA-R-LS,"{'elite_percentage': 20, 'mutant_percentage': 20, 'elite_inheritance_prob': 0.65, 'restarts_patience': 50, 'ls_range': 3, 'ls_periodic_run_period': 100}",194,0.600670410355908,410.28750855379974,45.39076725641886
BRKGA-R-LS,"{'elite_percentage': 15, 'mutant_percentage': 15, 'elite_inheritance_prob': 0.75, 'restarts_patience': 100, 'ls_range': 3, 'ls_periodic_run_period': 50}",109,0.6023173268651919,410.28954649949696,60.84723054038154
BRKGA-R-LS,"{'elite_percentage': 15, 'mutant_percentage': 10, 'elite_inheritance_prob': 0.85, 'restarts_patience': 50, 'ls_range': 3, 'ls_periodic_run_period': 100}",90,0.604200381224532,410.29187664951223,48.89286655849881
BRKGA-R-LS,"{'elite_percentage': 10, 'mutant_percentage': 20, 'elite_inheritance_prob': 0.85, 'restarts_patience': 100, 'ls_range': 3, 'ls_periodic_run_period': 50}",69,0.6060585097890292,410.32675550354156,57.985297706392075
BRKGA-R-LS,"{'elite_percentage': 10, 'mutant_percentage': 20, 'elite_inheritance_prob': 0.65, 'restarts_patience': 100, 'ls_range': 3, 'ls_periodic_run_period': 50}",53,0.6061647145573299,410.29430737665655,35.42671921518114
BRKGA-R-LS,"{'elite_percentage': 10, 'mutant_percentage': 15, 'elite_inheritance_prob': 0.85, 'restarts_patience': 50, 'ls_range': 3, 'ls_periodic_run_period': 100}",42,0.6130380887250187,410.3028127035699,47.540171994103325
BRKGA-R-LS,"{'elite_percentage': 20, 'mutant_percentage': 15, 'elite_inheritance_prob': 0.65, 'restarts_patience': 100, 'ls_range': 3, 'ls_periodic_run_period': 100}",174,0.6139985071978618,410.3040011552511,39.62433356708951
BRKGA-R-LS,"{'elite_percentage': 10, 'mutant_percentage': 10, 'elite_inheritance_prob': 0.65, 'restarts_patience': 100, 'ls_range': 3, 'ls_periodic_run_period': 50}",5,0.6142673475471551,410.3043338266586,22.71379084057278
BRKGA-R-LS,"{'elite_percentage': 20, 'mutant_percentage': 15, 'elite_inheritance_prob': 0.75, 'restarts_patience': 50, 'ls_range': 3, 'ls_periodic_run_period': 50}",177,0.614802035175742,410.3049954657556,39.33239769935608
BRKGA-R-LS,"{'elite_percentage': 10, 'mutant_percentage': 10, 'elite_inheritance_prob': 0.85, 'restarts_patience': 100, 'ls_range': 3, 'ls_periodic_run_period': 50}",21,0.6149238286475375,410.30514617678455,23.189779334598118
BRKGA-R-LS,"{'elite_percentage': 10, 'mutant_percentage': 20, 'elite_inheritance_prob': 0.85, 'restarts_patience': 50, 'ls_range': 3, 'ls_periodic_run_period': 50}",65,0.6158925343099174,410.3063448832918,56.0744513935513
BRKGA-R-LS,"{'elite_percentage': 15, 'mutant_percentage': 20, 'elite_inheritance_prob': 0.75, 'restarts_patience': 100, 'ls_range': 3, 'ls_periodic_run_period': 50}",133,0.6193666439567572,410.3040955588566,71.57581151856317
BRKGA-R-LS,"{'elite_percentage': 15, 'mutant_percentage': 20, 'elite_inheritance_prob': 0.75, 'restarts_patience': 50, 'ls_range': 3, 'ls_periodic_run_period': 50}",129,0.6216027104833777,410.31341083283905,53.370072311825226
BRKGA-R-LS,"{'elite_percentage': 15, 'mutant_percentage': 20, 'elite_inheritance_prob': 0.75, 'restarts_patience': 50, 'ls_range': 3, 'ls_periodic_run_period': 100}",130,0.6246515369336916,410.3171835454878,70.2561993069119
BRKGA-R-LS,"{'elite_percentage': 20, 'mutant_percentage': 15, 'elite_inheritance_prob': 0.85, 'restarts_patience': 50, 'ls_range': 3, 'ls_periodic_run_period': 50}",185,0.6275857211209412,410.32081439623556,38.82055711746216
BRKGA-R-LS,"{'elite_percentage': 15, 'mutant_percentage': 10, 'elite_inheritance_prob': 0.85, 'restarts_patience': 50, 'ls_range': 3, 'ls_periodic_run_period': 50}",89,0.6284899970870979,410.32193337543333,49.69807656606039
BRKGA-R-LS,"{'elite_percentage': 10, 'mutant_percentage': 20, 'elite_inheritance_prob': 0.65, 'restarts_patience': 50, 'ls_range': 3, 'ls_periodic_run_period': 100}",50,0.6341032075279622,410.32887933656804,34.05812565485636
BRKGA-R-LS,"{'elite_percentage': 15, 'mutant_percentage': 20, 'elite_inheritance_prob': 0.85, 'restarts_patience': 50, 'ls_range': 3, 'ls_periodic_run_period': 50}",137,0.6347741173536965,410.33516833890627,68.56926327281528
BRKGA-R-LS,"{'elite_percentage': 10, 'mutant_percentage': 10, 'elite_inheritance_prob': 0.85, 'restarts_patience': 50, 'ls_range': 3, 'ls_periodic_run_period': 100}",18,0.6414968754931001,410.3380284912042,22.358917262819077
BRKGA-R-LS,"{'elite_percentage': 10, 'mutant_percentage': 10, 'elite_inheritance_prob': 0.75, 'restarts_patience': 100, 'ls_range': 3, 'ls_periodic_run_period': 100}",14,0.6465909636197357,410.3443320742459,22.800313022401596
BRKGA-R-LS,"{'elite_percentage': 15, 'mutant_percentage': 15, 'elite_inheritance_prob': 0.65, 'restarts_patience': 50, 'ls_range': 3, 'ls_periodic_run_period': 100}",98,0.6498604140815278,410.3531778789846,54.88540760676066
BRKGA-R-LS,"{'elite_percentage': 20, 'mutant_percentage': 10, 'elite_inheritance_prob': 0.75, 'restarts_patience': 50, 'ls_range': 3, 'ls_periodic_run_period': 50}",153,0.6540336728470129,410.3535419140647,56.234064181645714
BRKGA-R-LS,"{'elite_percentage': 15, 'mutant_percentage': 10, 'elite_inheritance_prob': 0.65, 'restarts_patience': 50, 'ls_range': 3, 'ls_periodic_run_period': 50}",73,0.6543728812882315,410.35396166113713,48.13358441988627
BRKGA-R-LS,"{'elite_percentage': 10, 'mutant_percentage': 15, 'elite_inheritance_prob': 0.75, 'restarts_patience': 50, 'ls_range': 3, 'ls_periodic_run_period': 50}",33,0.6547085757689127,410.35437705992547,29.407408581839668
BRKGA-R-LS,"{'elite_percentage': 20, 'mutant_percentage': 20, 'elite_inheritance_prob': 0.75, 'restarts_patience': 50, 'ls_range': 3, 'ls_periodic_run_period': 100}",202,0.6556183226051987,410.355502808948,44.80449967914157
BRKGA-R-LS,"{'elite_percentage': 15, 'mutant_percentage': 10, 'elite_inheritance_prob': 0.75, 'restarts_patience': 50, 'ls_range': 3, 'ls_periodic_run_period': 100}",82,0.6663512215029318,410.3687840317691,38.524880727132164
BRKGA-R-LS,"{'elite_percentage': 20, 'mutant_percentage': 10, 'elite_inheritance_prob': 0.85, 'restarts_patience': 100, 'ls_range': 3, 'ls_periodic_run_period': 50}",165,0.6676616229576569,410.3704055632743,33.898039155536225
BRKGA-R-LS,"{'elite_percentage': 10, 'mutant_percentage': 15, 'elite_inheritance_prob': 0.85, 'restarts_patience': 50, 'ls_range': 3, 'ls_periodic_run_period': 50}",41,0.6755321357157348,410.3801447804841,28.85989793141683
BRKGA-R-LS,"{'elite_percentage': 15, 'mutant_percentage': 20, 'elite_inheritance_prob': 0.65, 'restarts_patience': 100, 'ls_range': 3, 'ls_periodic_run_period': 50}",125,0.6832621868042534,410.3897101860565,67.1374945640564
BRKGA-R-LS,"{'elite_percentage': 15, 'mutant_percentage': 20, 'elite_inheritance_prob': 0.65, 'restarts_patience': 50, 'ls_range': 3, 'ls_periodic_run_period': 50}",121,0.6879864702978469,410.3955561613467,63.063410149680244
BRKGA-R-LS,"{'elite_percentage': 15, 'mutant_percentage': 15, 'elite_inheritance_prob': 0.65, 'restarts_patience': 100, 'ls_range': 3, 'ls_periodic_run_period': 50}",101,0.7056855926269198,410.3953600607128,60.64409189754062
BRKGA-R-LS,"{'elite_percentage': 10, 'mutant_percentage': 10, 'elite_inheritance_prob': 0.85, 'restarts_patience': 50, 'ls_range': 3, 'ls_periodic_run_period': 50}",17,0.7115800641410864,410.4050612705351,22.443458610110813
BRKGA-R-LS,"{'elite_percentage': 10, 'mutant_percentage': 15, 'elite_inheritance_prob': 0.75, 'restarts_patience': 100, 'ls_range': 3, 'ls_periodic_run_period': 50}",37,0.7262262162699042,410.44287521202574,29.249561680687798
BRKGA-R-LS,"{'elite_percentage': 15, 'mutant_percentage': 20, 'elite_inheritance_prob': 0.65, 'restarts_patience': 100, 'ls_range': 3, 'ls_periodic_run_period': 100}",126,0.7354149131732578,410.454245591284,57.904062297609116
BRKGA-R-LS,"{'elite_percentage': 10, 'mutant_percentage': 15, 'elite_inheritance_prob': 0.65, 'restarts_patience': 50, 'ls_range': 3, 'ls_periodic_run_period': 100}",26,0.7488783305119687,410.46644731798693,27.89671230316162
BRKGA-R-LS,"{'elite_percentage': 20, 'mutant_percentage': 20, 'elite_inheritance_prob': 0.85, 'restarts_patience': 100, 'ls_range': 3, 'ls_periodic_run_period': 100}",214,0.7579103931927116,410.4813124225147,45.11647452248467
BRKGA-R-LS,"{'elite_percentage': 10, 'mutant_percentage': 10, 'elite_inheritance_prob': 0.65, 'restarts_patience': 50, 'ls_range': 3, 'ls_periodic_run_period': 50}",1,0.7597953233775204,410.48441466894667,22.500231875313652
BRKGA-R-LS,"{'elite_percentage': 10, 'mutant_percentage': 10, 'elite_inheritance_prob': 0.65, 'restarts_patience': 50, 'ls_range': 3, 'ls_periodic_run_period': 100}",2,0.7597953233775204,410.48441466894667,22.459392812516953
BRKGA-R-LS,"{'elite_percentage': 10, 'mutant_percentage': 10, 'elite_inheritance_prob': 0.65, 'restarts_patience': 100, 'ls_range': 3, 'ls_periodic_run_period': 100}",6,0.7597953233775204,410.48441466894667,22.754002571105957
BRKGA-R-LS,"{'elite_percentage': 10, 'mutant_percentage': 10, 'elite_inheritance_prob': 0.75, 'restarts_patience': 50, 'ls_range': 3, 'ls_periodic_run_period': 50}",9,0.7597953233775204,410.48441466894667,22.585098928875393
BRKGA-R-LS,"{'elite_percentage': 10, 'mutant_percentage': 10, 'elite_inheritance_prob': 0.75, 'restarts_patience': 100, 'ls_range': 3, 'ls_periodic_run_period': 50}",13,0.7597953233775204,410.48441466894667,22.699387656317818
BRKGA-R-LS,"{'elite_percentage': 10, 'mutant_percentage': 10, 'elite_inheritance_prob': 0.85, 'restarts_patience': 100, 'ls_range': 3, 'ls_periodic_run_period': 100}",22,0.7597953233775204,410.48441466894667,22.773844957351685
BRKGA-R-LS,"{'elite_percentage': 10, 'mutant_percentage': 15, 'elite_inheritance_prob': 0.65, 'restarts_patience': 50, 'ls_range': 3, 'ls_periodic_run_period': 50}",25,0.7597953233775204,410.48441466894667,27.891951666937935
BRKGA-R-LS,"{'elite_percentage': 10, 'mutant_percentage': 15, 'elite_inheritance_prob': 0.65, 'restarts_patience': 100, 'ls_range': 3, 'ls_periodic_run_period': 100}",30,0.7597953233775204,410.48441466894667,28.30820518069797
BRKGA-R-LS,"{'elite_percentage': 10, 'mutant_percentage': 15, 'elite_inheritance_prob': 0.75, 'restarts_patience': 50, 'ls_range': 3, 'ls_periodic_run_period': 100}",34,0.7597953233775204,410.48441466894667,28.599298397699993
BRKGA-R-LS,"{'elite_percentage': 10, 'mutant_percentage': 20, 'elite_inheritance_prob': 0.75, 'restarts_patience': 50, 'ls_range': 3, 'ls_periodic_run_period': 50}",57,0.7597953233775204,410.48441466894667,34.506145291858246
BRKGA-R-LS,"{'elite_percentage': 10, 'mutant_percentage': 20, 'elite_inheritance_prob': 0.75, 'restarts_patience': 50, 'ls_range': 3, 'ls_periodic_run_period': 100}",58,0.7597953233775204,410.48441466894667,34.226085821787514
BRKGA-R-LS,"{'elite_percentage': 10, 'mutant_percentage': 20, 'elite_inheritance_prob': 0.85, 'restarts_patience': 100, 'ls_range': 3, 'ls_periodic_run_period': 100}",70,0.7597953233775204,410.48441466894667,57.42313700252109
BRKGA-R-LS,"{'elite_percentage': 15, 'mutant_percentage': 10, 'elite_inheritance_prob': 0.65, 'restarts_patience': 100, 'ls_range': 3, 'ls_periodic_run_period': 50}",77,0.7597953233775204,410.48441466894667,39.58773054016961
BRKGA-R-LS,"{'elite_percentage': 15, 'mutant_percentage': 10, 'elite_inheritance_prob': 0.65, 'restarts_patience': 100, 'ls_range': 3, 'ls_periodic_run_period': 100}",78,0.7597953233775204,410.48441466894667,37.43115986718072
BRKGA-R-LS,"{'elite_percentage': 15, 'mutant_percentage': 10, 'elite_inheritance_prob': 0.75, 'restarts_patience': 50, 'ls_range': 3, 'ls_periodic_run_period': 50}",81,0.7597953233775204,410.48441466894667,28.71720806757609
BRKGA-R-LS,"{'elite_percentage': 15, 'mutant_percentage': 10, 'elite_inheritance_prob': 0.75, 'restarts_patience': 100, 'ls_range': 3, 'ls_periodic_run_period': 50}",85,0.7597953233775204,410.48441466894667,48.58557017644247
BRKGA-R-LS,"{'elite_percentage': 15, 'mutant_percentage': 10, 'elite_inheritance_prob': 0.75, 'restarts_patience': 100, 'ls_range': 3, 'ls_periodic_run_period': 100}",86,0.7597953233775204,410.48441466894667,48.918355809317696
BRKGA-R-LS,"{'elite_percentage': 15, 'mutant_percentage': 10, 'elite_inheritance_prob': 0.85, 'restarts_patience': 100, 'ls_range': 3, 'ls_periodic_run_period': 50}",93,0.7597953233775204,410.48441466894667,38.17962818675571
BRKGA-R-LS,"{'elite_percentage': 15, 'mutant_percentage': 10, 'elite_inheritance_prob': 0.85, 'restarts_patience': 100, 'ls_range': 3, 'ls_periodic_run_period': 100}",94,0.7597953233775204,410.48441466894667,35.18849076165093
BRKGA-R-LS,"{'elite_percentage': 15, 'mutant_percentage': 15, 'elite_inheritance_prob': 0.65, 'restarts_patience': 50, 'ls_range': 3, 'ls_periodic_run_period': 50}",97,0.7597953233775204,410.48441466894667,41.2933370007409
BRKGA-R-LS,"{'elite_percentage': 15, 'mutant_percentage': 15, 'elite_inheritance_prob': 0.75, 'restarts_patience': 50, 'ls_range': 3, 'ls_periodic_run_period': 100}",106,0.7597953233775204,410.48441466894667,59.97221189075046
BRKGA-R-LS,"{'elite_percentage': 15, 'mutant_percentage': 15, 'elite_inheritance_prob': 0.85, 'restarts_patience': 50, 'ls_range': 3, 'ls_periodic_run_period': 50}",113,0.7597953233775204,410.48441466894667,57.28750655386183
BRKGA-R-LS,"{'elite_percentage': 15, 'mutant_percentage': 15, 'elite_inheritance_prob': 0.85, 'restarts_patience': 50, 'ls_range': 3, 'ls_periodic_run_period': 100}",114,0.7597953233775204,410.48441466894667,56.90797350141737
BRKGA-R-LS,"{'elite_percentage': 15, 'mutant_percentage': 15, 'elite_inheritance_prob': 0.85, 'restarts_patience': 100, 'ls_range': 3, 'ls_periodic_run_period': 50}",117,0.7597953233775204,410.48441466894667,57.86798853344388
BRKGA-R-LS,"{'elite_percentage': 15, 'mutant_percentage': 15, 'elite_inheritance_prob': 0.85, 'restarts_patience': 100, 'ls_range': 3, 'ls_periodic_run_period': 100}",118,0.7597953233775204,410.48441466894667,53.437144703335235
BRKGA-R-LS,"{'elite_percentage': 15, 'mutant_percentage': 20, 'elite_inheritance_prob': 0.75, 'restarts_patience': 100, 'ls_range': 3, 'ls_periodic_run_period': 100}",134,0.7597953233775204,410.48441466894667,68.96558727158441
BRKGA-R-LS,"{'elite_percentage': 15, 'mutant_percentage': 20, 'elite_inheritance_prob': 0.85, 'restarts_patience': 50, 'ls_range': 3, 'ls_periodic_run_period': 100}",138,0.7597953233775204,410.48441466894667,66.84132674005296
BRKGA-R-LS,"{'elite_percentage': 15, 'mutant_percentage': 20, 'elite_inheritance_prob': 0.85, 'restarts_patience': 100, 'ls_range': 3, 'ls_periodic_run_period': 100}",142,0.7597953233775204,410.48441466894667,66.68220202128093
BRKGA-R-LS,"{'elite_percentage': 20, 'mutant_percentage': 10, 'elite_inheritance_prob': 0.65, 'restarts_patience': 100, 'ls_range': 3, 'ls_periodic_run_period': 50}",149,0.7597953233775204,410.48441466894667,57.122625059551666
BRKGA-R-LS,"{'elite_percentage': 20, 'mutant_percentage': 10, 'elite_inheritance_prob': 0.65, 'restarts_patience': 100, 'ls_range': 3, 'ls_periodic_run_period': 100}",150,0.7597953233775204,410.48441466894667,57.22199927435981
BRKGA-R-LS,"{'elite_percentage': 20, 'mutant_percentage': 10, 'elite_inheritance_prob': 0.75, 'restarts_patience': 100, 'ls_range': 3, 'ls_periodic_run_period': 50}",157,0.7597953233775204,410.48441466894667,57.510391023423935
BRKGA-R-LS,"{'elite_percentage': 20, 'mutant_percentage': 10, 'elite_inheritance_prob': 0.75, 'restarts_patience': 100, 'ls_range': 3, 'ls_periodic_run_period': 100}",158,0.7597953233775204,410.48441466894667,57.442989667256676
BRKGA-R-LS,"{'elite_percentage': 20, 'mutant_percentage': 10, 'elite_inheritance_prob': 0.85, 'restarts_patience': 50, 'ls_range': 3, 'ls_periodic_run_period': 50}",161,0.7597953233775204,410.48441466894667,55.832213693194916
BRKGA-R-LS,"{'elite_percentage': 20, 'mutant_percentage': 15, 'elite_inheritance_prob': 0.65, 'restarts_patience': 50, 'ls_range': 3, 'ls_periodic_run_period': 100}",170,0.7597953233775204,410.48441466894667,38.79153402646383
BRKGA-R-LS,"{'elite_percentage': 20, 'mutant_percentage': 15, 'elite_inheritance_prob': 0.75, 'restarts_patience': 50, 'ls_range': 3, 'ls_periodic_run_period': 100}",178,0.7597953233775204,410.48441466894667,38.94359228346083
BRKGA-R-LS,"{'elite_percentage': 20, 'mutant_percentage': 15, 'elite_inheritance_prob': 0.75, 'restarts_patience': 100, 'ls_range': 3, 'ls_periodic_run_period': 50}",181,0.7597953233775204,410.48441466894667,39.576362954245674
BRKGA-R-LS,"{'elite_percentage': 20, 'mutant_percentage': 15, 'elite_inheritance_prob': 0.75, 'restarts_patience': 100, 'ls_range': 3, 'ls_periodic_run_period': 100}",182,0.7597953233775204,410.48441466894667,39.592412869135536
BRKGA-R-LS,"{'elite_percentage': 20, 'mutant_percentage': 15, 'elite_inheritance_prob': 0.85, 'restarts_patience': 100, 'ls_range': 3, 'ls_periodic_run_period': 100}",190,0.7597953233775204,410.48441466894667,39.61687898635864
BRKGA-R-LS,"{'elite_percentage': 20, 'mutant_percentage': 20, 'elite_inheritance_prob': 0.85, 'restarts_patience': 50, 'ls_range': 3, 'ls_periodic_run_period': 50}",209,0.7597953233775204,410.48441466894667,44.25636421309577
BRKGA-R-LS,"{'elite_percentage': 20, 'mutant_percentage': 10, 'elite_inheritance_prob': 0.85, 'restarts_patience': 100, 'ls_range': 3, 'ls_periodic_run_period': 100}",166,0.8000649132852728,410.55069096533975,33.68765640258789
